PRAGMA foreign_keys=OFF;
BEGIN TRANSACTION;
CREATE TABLE "unparseables" ("id" INTEGER NOT NULL PRIMARY KEY AUTOINCREMENT, "data" VARCHAR(255) NOT NULL, "status_code" INTEGER, "created_at" TIMESTAMP NOT NULL, "updated_at" TIMESTAMP NOT NULL);
CREATE TABLE "elevators" ("id" INTEGER NOT NULL PRIMARY KEY AUTOINCREMENT, "name" VARCHAR(255), "created_at" TIMESTAMP NOT NULL, "updated_at" TIMESTAMP NOT NULL, "station_id" INTEGER);
INSERT INTO "elevators" VALUES(1,'12th St Oakland Ogawa Plaza Elevator','2015-09-08T05:48:15+00:00','2015-09-13T18:29:06-07:00',1);
INSERT INTO "elevators" VALUES(2,'Millbrae SF/EastBay Platform Elevator','2015-09-08T05:48:15+00:00','2015-09-07T22:49:26-07:00',26);
INSERT INTO "elevators" VALUES(3,'Walnut Creek SF/Millbrae Platform Elevator','2015-09-08T05:48:15+00:00','2015-09-07T22:49:52-07:00',43);
INSERT INTO "elevators" VALUES(4,'12th St Oakland Street Elevator','2015-09-08T05:48:15+00:00','2015-09-13T18:29:06-07:00',1);
INSERT INTO "elevators" VALUES(5,'24th St Mission Platform Elevator','2015-09-08T05:48:15+00:00','2015-09-13T18:29:06-07:00',4);
INSERT INTO "elevators" VALUES(6,'16th St Mission Platform Elevator','2015-09-08T05:48:15+00:00','2015-09-13T18:29:06-07:00',2);
INSERT INTO "elevators" VALUES(7,'Richmond Street Elevator','2015-09-08T05:48:15+00:00','2015-09-07T22:54:01-07:00',35);
INSERT INTO "elevators" VALUES(8,'MacArthur SF/Fremont Platform Elevator','2015-09-08T05:48:15+00:00','2015-09-13T18:29:06-07:00',25);
INSERT INTO "elevators" VALUES(9,'Pittsburg/Bay Point Street Elevator','2015-09-08T05:48:15+00:00','2015-09-07T22:55:26-07:00',32);
INSERT INTO "elevators" VALUES(10,'Daly City Both Tunnel Elevators','2015-09-08T05:48:15+00:00','2015-09-07T22:55:40-07:00',13);
INSERT INTO "elevators" VALUES(11,'24th St Mission Street Elevator','2015-09-08T05:48:15+00:00','2015-09-13T18:29:06-07:00',4);
INSERT INTO "elevators" VALUES(12,'Civic Center Street Elevator','2015-09-08T05:48:15+00:00','2015-09-07T22:56:34-07:00',9);
INSERT INTO "elevators" VALUES(13,'Coliseum Platform Elevator','2015-09-08T05:48:15+00:00','2015-09-07T22:56:46-07:00',10);
INSERT INTO "elevators" VALUES(14,'Embarcadero Street Elevator','2015-09-08T05:48:15+00:00','2015-09-07T22:56:53-07:00',18);
INSERT INTO "elevators" VALUES(15,'Walnut Creek Bay Point Platform Elevator','2015-09-08T05:48:15+00:00','2015-09-07T22:57:03-07:00',43);
INSERT INTO "elevators" VALUES(16,'Rockridge Station Elevator','2015-09-08T05:48:15+00:00','2015-09-07T22:57:11-07:00',36);
INSERT INTO "elevators" VALUES(17,'Fruitvale SF/Richmond Platform Elevator','2015-09-08T05:48:15+00:00','2015-09-13T18:29:06-07:00',20);
INSERT INTO "elevators" VALUES(18,'Balboa Park Station Elevator','2015-09-08T05:48:15+00:00','2015-09-07T22:57:27-07:00',6);
INSERT INTO "elevators" VALUES(19,'Montgomery Platform Elevator','2015-09-08T05:48:15+00:00','2015-09-07T22:57:34-07:00',27);
INSERT INTO "elevators" VALUES(20,'Powell Platform Elevator','2015-09-08T05:48:15+00:00','2015-09-07T22:57:41-07:00',34);
INSERT INTO "elevators" VALUES(21,'12th St Oakland Platform Elevator','2015-09-08T05:48:15+00:00','2015-09-13T18:29:06-07:00',1);
INSERT INTO "elevators" VALUES(22,'Bay Fair Platform Elevator','2015-09-08T05:48:15+00:00','2015-09-07T22:57:48-07:00',7);
INSERT INTO "elevators" VALUES(23,'Berkeley Platform Elevator','2015-09-08T05:48:15+00:00','2015-09-07T22:58:14-07:00',14);
INSERT INTO "elevators" VALUES(24,'Embarcadero Platform Elevator','2015-09-08T05:48:15+00:00','2015-09-07T22:58:28-07:00',18);
INSERT INTO "elevators" VALUES(25,'Civic Center Platform Elevator','2015-09-08T05:48:15+00:00','2015-09-07T22:58:45-07:00',9);
INSERT INTO "elevators" VALUES(26,'San Bruno Platform Elevator','2015-09-08T05:48:15+00:00','2015-09-07T23:16:19-07:00',37);
INSERT INTO "elevators" VALUES(27,'Millbrae SF/EastBay/Caltrain Platform Elevator','2015-09-08T05:48:15+00:00','2015-09-07T23:16:31-07:00',26);
INSERT INTO "elevators" VALUES(28,'Oakland Airport Both Station Elevators','2015-09-08T05:48:15+00:00','2015-09-07T23:16:46-07:00',30);
INSERT INTO "elevators" VALUES(29,'16th St Mission Street Elevator','2015-09-08T05:48:15+00:00','2015-09-13T18:29:06-07:00',2);
INSERT INTO "elevators" VALUES(30,'Dublin/Pleasanton Station Elevator','2015-09-08T05:48:15+00:00','2015-09-07T23:17:01-07:00',15);
INSERT INTO "elevators" VALUES(31,'Lake Merritt Platform Elevator','2015-09-08T05:48:15+00:00','2015-09-07T23:17:05-07:00',24);
INSERT INTO "elevators" VALUES(32,'Montgomery Street Elevator','2015-09-08T05:48:15+00:00','2015-09-07T23:17:10-07:00',27);
INSERT INTO "elevators" VALUES(33,'San Leandro SF/Richmond Platform Elevator','2015-09-08T05:48:15+00:00','2015-09-13T18:29:06-07:00',39);
INSERT INTO "elevators" VALUES(34,'Powell Street Elevator','2015-09-08T05:48:15+00:00','2015-09-07T23:17:36-07:00',34);
INSERT INTO "elevators" VALUES(35,'Millbrae Caltrain Street Elevator','2015-09-08T05:48:15+00:00','2015-09-07T23:17:40-07:00',26);
INSERT INTO "elevators" VALUES(36,'El Cerrito del Norte SF/Fremont Platform Elevator','2015-09-08T05:48:15+00:00','2015-09-13T18:29:06-07:00',16);
INSERT INTO "elevators" VALUES(37,'Pleasant Hill Bay Point Platform Elevator','2015-09-08T05:48:15+00:00','2015-09-07T23:17:52-07:00',33);
INSERT INTO "elevators" VALUES(38,'MacArthur Richmond/Bay Point Platform Elevator','2015-09-08T05:48:15+00:00','2015-09-07T22:54:51-07:00',25);
INSERT INTO "elevators" VALUES(39,'Union City SF/Richmond Platform Elevator','2015-09-08T05:48:15+00:00','2015-09-13T18:29:06-07:00',42);
INSERT INTO "elevators" VALUES(40,'Pittsburg/Bay Point Platform Elevator','2015-09-08T05:48:15+00:00','2015-09-07T23:18:04-07:00',32);
INSERT INTO "elevators" VALUES(41,'Millbrae SF Airport Platform Elevator','2015-09-08T05:48:15+00:00','2015-09-07T23:18:19-07:00',26);
INSERT INTO "elevators" VALUES(42,'Fremont Station Elevator','2015-09-08T05:48:15+00:00','2015-09-07T23:18:40-07:00',19);
INSERT INTO "elevators" VALUES(43,'Ashby Platform Elevator','2015-09-08T05:48:15+00:00','2015-09-07T23:18:48-07:00',5);
INSERT INTO "elevators" VALUES(44,'Glen Park Station Elevator','2015-09-08T05:48:15+00:00','2015-09-07T23:18:56-07:00',21);
INSERT INTO "elevators" VALUES(45,'West Oakland East Bay Platform Elevator','2015-09-08T05:48:15+00:00','2015-09-07T23:33:10-07:00',45);
INSERT INTO "elevators" VALUES(46,'19th St Oakland Street Elevator','2015-09-08T05:48:15+00:00','2015-09-13T18:29:06-07:00',3);
INSERT INTO "elevators" VALUES(47,'South Hayward SF/Richmond Platform Elevator','2015-09-08T05:48:15+00:00','2015-09-13T18:29:06-07:00',40);
INSERT INTO "elevators" VALUES(48,'South Hayward Fremont Platform Elevator','2015-09-08T05:48:15+00:00','2015-09-07T23:19:51-07:00',40);
INSERT INTO "elevators" VALUES(49,'Daly City SF/East Bay Platform Elevator','2015-09-08T05:48:15+00:00','2015-09-13T18:29:06-07:00',13);
INSERT INTO "elevators" VALUES(50,'North Concord Station Elevator','2015-09-08T05:48:15+00:00','2015-09-07T23:34:20-07:00',29);
INSERT INTO "elevators" VALUES(51,'Lafayette Station Elevator','2015-09-08T05:48:15+00:00','2015-09-07T23:20:35-07:00',23);
INSERT INTO "elevators" VALUES(52,'Richmond AMTRAK Elevator','2015-09-08T05:48:15+00:00','2015-09-07T22:54:01-07:00',35);
INSERT INTO "elevators" VALUES(53,'South San Francisco Platform Elevator','2015-09-08T05:48:15+00:00','2015-09-07T23:37:08-07:00',41);
INSERT INTO "elevators" VALUES(54,'San Francisco Airport Platform 1 to Airtrain Elevator','2015-09-08T05:48:15+00:00','2015-09-07T23:21:08-07:00',38);
INSERT INTO "elevators" VALUES(55,'Union City Fremont Platform Elevator','2015-09-08T05:48:15+00:00','2015-09-07T23:21:20-07:00',42);
INSERT INTO "elevators" VALUES(56,'Orinda Station Elevator','2015-09-08T05:48:15+00:00','2015-09-07T23:21:32-07:00',31);
INSERT INTO "elevators" VALUES(57,'W Dublin/Pleasanton Station Elevator','2015-09-08T05:48:15+00:00','2015-09-13T18:29:06-07:00',44);
INSERT INTO "elevators" VALUES(58,'Castro Valley Station Elevator','2015-09-08T05:48:15+00:00','2015-09-07T23:21:59-07:00',8);
INSERT INTO "elevators" VALUES(59,'Fruitvale Fremont/Dublin Platform Elevator','2015-09-08T05:48:15+00:00','2015-09-07T23:22:05-07:00',20);
INSERT INTO "elevators" VALUES(60,'19th St Oakland Platform Elevator','2015-09-08T05:48:15+00:00','2015-09-13T18:29:06-07:00',3);
INSERT INTO "elevators" VALUES(61,'Daly City SF Airport/Millbrae Platform Elevator','2015-09-08T05:48:15+00:00','2015-09-07T23:22:21-07:00',13);
INSERT INTO "elevators" VALUES(62,'Millbrae BART Street Elevator','2015-09-08T05:48:15+00:00','2015-09-07T23:22:27-07:00',26);
INSERT INTO "elevators" VALUES(63,'Ashby Street Elevator','2015-09-08T05:48:15+00:00','2015-09-07T23:22:31-07:00',5);
INSERT INTO "elevators" VALUES(65,'Lake Merritt Street Elevator','2015-09-08T05:48:15+00:00','2015-09-07T23:22:51-07:00',24);
INSERT INTO "elevators" VALUES(66,'Berkeley Street Elevator','2015-09-08T05:48:15+00:00','2015-09-07T23:23:03-07:00',14);
INSERT INTO "elevators" VALUES(67,'Hayward SF/Richmond Platform Elevator','2015-09-08T05:48:15+00:00','2015-09-13T18:29:06-07:00',22);
INSERT INTO "elevators" VALUES(68,'West Oakland SF/Millbrae Platform Elevator','2015-09-08T05:48:15+00:00','2015-09-07T23:23:32-07:00',45);
INSERT INTO "elevators" VALUES(69,'Colma SF/East Bay Platform Elevator','2015-09-08T05:48:15+00:00','2015-09-13T18:29:06-07:00',11);
INSERT INTO "elevators" VALUES(70,'El Cerrito del Norte Richmond Platform Elevator','2015-09-08T05:48:15+00:00','2015-09-07T23:29:06-07:00',16);
INSERT INTO "elevators" VALUES(71,'El Cerrito Plaza SF/Fremont Platform Elevator','2015-09-08T05:48:15+00:00','2015-09-13T18:29:06-07:00',17);
INSERT INTO "elevators" VALUES(72,'El Cerrito Plaza Richmond Platform Elevator','2015-09-08T05:48:15+00:00','2015-09-07T23:28:39-07:00',17);
INSERT INTO "elevators" VALUES(74,'Concord Station Elevator','2015-09-08T05:48:15+00:00','2015-09-07T23:25:43-07:00',12);
INSERT INTO "elevators" VALUES(75,'Coliseum Walkway Elevator','2015-09-08T05:48:15+00:00','2015-09-07T23:25:50-07:00',10);
INSERT INTO "elevators" VALUES(76,'Hayward Fremont Platform Elevator','2015-09-08T05:48:15+00:00','2015-09-07T23:25:54-07:00',22);
INSERT INTO "elevators" VALUES(77,'Oakland Int''l Airport','2015-09-08T05:48:15+00:00','2015-09-07T23:26:00-07:00',30);
INSERT INTO "elevators" VALUES(78,'Pleasant Hill SF/Millbrae Platform Elevator','2015-09-08T05:48:15+00:00','2015-09-07T23:26:13-07:00',33);
INSERT INTO "elevators" VALUES(79,'North Berkeley Station Elevator','2015-09-08T05:48:15+00:00','2015-09-07T23:26:36-07:00',28);
INSERT INTO "elevators" VALUES(80,'Oakland Int''l Airport Elevator','2015-09-08T05:48:15+00:00','2015-09-07T23:26:41-07:00',30);
INSERT INTO "elevators" VALUES(81,'Richmond Platform Elevator','2015-09-08T05:48:15+00:00','2015-09-07T22:54:01-07:00',35);
INSERT INTO "elevators" VALUES(82,'San Francisco Airport Platform 3 to Airtrain Elevator','2015-09-08T05:48:15+00:00','2015-09-07T23:26:56-07:00',38);
INSERT INTO "elevators" VALUES(83,'San Leandro Fremont/Dublin Platform Elevator','2015-09-08T05:48:15+00:00','2015-09-07T23:27:06-07:00',39);
INSERT INTO "elevators" VALUES(84,'Colma Platform 3 Elevator','2015-09-08T05:48:15+00:00','2015-09-13T18:31:03-07:00',11);
CREATE TABLE "stations" ("id" INTEGER NOT NULL PRIMARY KEY AUTOINCREMENT, "name" VARCHAR(255), "created_at" TIMESTAMP NOT NULL, "updated_at" TIMESTAMP NOT NULL);
INSERT INTO "stations" VALUES(1,'12th St Oakland City Center','2015-09-08T05:48:14+00:00','2015-09-13T18:33:12-07:00');
INSERT INTO "stations" VALUES(2,'16th St Mission','2015-09-08T05:48:14+00:00','2015-09-13T18:33:12-07:00');
INSERT INTO "stations" VALUES(3,'19th St Oakland','2015-09-08T05:48:14+00:00','2015-09-13T18:33:12-07:00');
INSERT INTO "stations" VALUES(4,'24th St Mission','2015-09-08T05:48:14+00:00','2015-09-13T18:33:12-07:00');
INSERT INTO "stations" VALUES(5,'Ashby','2015-09-08T05:48:14+00:00','2015-09-07T22:51:41-07:00');
INSERT INTO "stations" VALUES(6,'Balboa Park','2015-09-08T05:48:14+00:00','2015-09-07T22:51:41-07:00');
INSERT INTO "stations" VALUES(7,'Bay Fair','2015-09-08T05:48:14+00:00','2015-09-07T22:51:41-07:00');
INSERT INTO "stations" VALUES(8,'Castro Valley','2015-09-08T05:48:14+00:00','2015-09-07T22:51:41-07:00');
INSERT INTO "stations" VALUES(9,'Civic Center/UN Plaza','2015-09-08T05:48:14+00:00','2015-09-07T22:51:41-07:00');
INSERT INTO "stations" VALUES(10,'Coliseum','2015-09-08T05:48:14+00:00','2015-09-07T22:51:41-07:00');
INSERT INTO "stations" VALUES(11,'Colma','2015-09-08T05:48:14+00:00','2015-09-07T22:51:41-07:00');
INSERT INTO "stations" VALUES(12,'Concord','2015-09-08T05:48:14+00:00','2015-09-07T22:51:41-07:00');
INSERT INTO "stations" VALUES(13,'Daly City','2015-09-08T05:48:14+00:00','2015-09-07T22:51:41-07:00');
INSERT INTO "stations" VALUES(14,'Downtown Berkeley','2015-09-08T05:48:14+00:00','2015-09-07T22:51:41-07:00');
INSERT INTO "stations" VALUES(15,'Dublin/Pleasanton','2015-09-08T05:48:14+00:00','2015-09-07T22:51:41-07:00');
INSERT INTO "stations" VALUES(16,'El Cerrito del Norte','2015-09-08T05:48:14+00:00','2015-09-07T22:51:41-07:00');
INSERT INTO "stations" VALUES(17,'El Cerrito Plaza','2015-09-08T05:48:14+00:00','2015-09-07T23:28:39-07:00');
INSERT INTO "stations" VALUES(18,'Embarcadero','2015-09-08T05:48:14+00:00','2015-09-07T22:51:41-07:00');
INSERT INTO "stations" VALUES(19,'Fremont','2015-09-08T05:48:14+00:00','2015-09-07T22:51:41-07:00');
INSERT INTO "stations" VALUES(20,'Fruitvale','2015-09-08T05:48:14+00:00','2015-09-07T22:51:41-07:00');
INSERT INTO "stations" VALUES(21,'Glen Park','2015-09-08T05:48:14+00:00','2015-09-07T22:51:41-07:00');
INSERT INTO "stations" VALUES(22,'Hayward','2015-09-08T05:48:14+00:00','2015-09-07T22:51:41-07:00');
INSERT INTO "stations" VALUES(23,'Lafayette','2015-09-08T05:48:14+00:00','2015-09-07T22:51:41-07:00');
INSERT INTO "stations" VALUES(24,'Lake Merritt','2015-09-08T05:48:14+00:00','2015-09-07T22:51:41-07:00');
INSERT INTO "stations" VALUES(25,'MacArthur','2015-09-08T05:48:14+00:00','2015-09-07T22:54:51-07:00');
INSERT INTO "stations" VALUES(26,'Millbrae','2015-09-08T05:48:14+00:00','2015-09-07T22:51:41-07:00');
INSERT INTO "stations" VALUES(27,'Montgomery St','2015-09-08T05:48:14+00:00','2015-09-07T22:51:41-07:00');
INSERT INTO "stations" VALUES(28,'North Berkeley','2015-09-08T05:48:14+00:00','2015-09-07T22:51:41-07:00');
INSERT INTO "stations" VALUES(29,'North Concord/Martinez','2015-09-08T05:48:14+00:00','2015-09-07T23:34:20-07:00');
INSERT INTO "stations" VALUES(30,'Oakland Intl Airport','2015-09-08T05:48:14+00:00','2015-09-07T22:51:41-07:00');
INSERT INTO "stations" VALUES(31,'Orinda','2015-09-08T05:48:14+00:00','2015-09-07T22:51:41-07:00');
INSERT INTO "stations" VALUES(32,'Pittsburg/Bay Point','2015-09-08T05:48:14+00:00','2015-09-07T22:51:41-07:00');
INSERT INTO "stations" VALUES(33,'Pleasant Hill/Contra Costa Centre','2015-09-08T05:48:14+00:00','2015-09-07T22:51:41-07:00');
INSERT INTO "stations" VALUES(34,'Powell St','2015-09-08T05:48:14+00:00','2015-09-07T22:51:41-07:00');
INSERT INTO "stations" VALUES(35,'Richmond','2015-09-08T05:48:14+00:00','2015-09-07T22:54:01-07:00');
INSERT INTO "stations" VALUES(36,'Rockridge','2015-09-08T05:48:14+00:00','2015-09-07T22:51:41-07:00');
INSERT INTO "stations" VALUES(37,'San Bruno','2015-09-08T05:48:14+00:00','2015-09-07T23:16:19-07:00');
INSERT INTO "stations" VALUES(38,'SFO','2015-09-08T05:48:14+00:00','2015-09-07T22:51:41-07:00');
INSERT INTO "stations" VALUES(39,'San Leandro','2015-09-08T05:48:14+00:00','2015-09-07T23:33:55-07:00');
INSERT INTO "stations" VALUES(40,'South Hayward','2015-09-08T05:48:14+00:00','2015-09-07T22:51:41-07:00');
INSERT INTO "stations" VALUES(41,'South San Francisco','2015-09-08T05:48:14+00:00','2015-09-07T23:37:08-07:00');
INSERT INTO "stations" VALUES(42,'Union City','2015-09-08T05:48:14+00:00','2015-09-07T22:51:41-07:00');
INSERT INTO "stations" VALUES(43,'Walnut Creek','2015-09-08T05:48:14+00:00','2015-09-07T22:51:41-07:00');
INSERT INTO "stations" VALUES(44,'West Dublin/Pleasanton','2015-09-08T05:48:14+00:00','2015-09-07T22:51:41-07:00');
INSERT INTO "stations" VALUES(45,'West Oakland','2015-09-08T05:48:15+00:00','2015-09-07T23:33:10-07:00');
CREATE TABLE "outages" ("id" INTEGER NOT NULL PRIMARY KEY AUTOINCREMENT, "started_at" TIMESTAMP NOT NULL, "ended_at" TIMESTAMP, "elevator_id" INTEGER NOT NULL);
CREATE TABLE "elevator_outages" ("elevator_id" INTEGER NOT NULL, "outage_id" INTEGER NOT NULL, PRIMARY KEY("elevator_id", "outage_id"));
DELETE FROM sqlite_sequence;
INSERT INTO "sqlite_sequence" VALUES('stations',45);
INSERT INTO "sqlite_sequence" VALUES('elevators',84);
CREATE INDEX "index_elevators_name" ON "elevators" ("name");
CREATE INDEX "index_elevators_station" ON "elevators" ("station_id");
CREATE UNIQUE INDEX "unique_elevators_name" ON "elevators" ("name");
CREATE INDEX "index_stations_name" ON "stations" ("name");
CREATE UNIQUE INDEX "unique_stations_name" ON "stations" ("name");
CREATE INDEX "index_outages_ended_at" ON "outages" ("ended_at");
CREATE INDEX "index_outages_elevator" ON "outages" ("elevator_id");
COMMIT;
